{"cameraMode":{"drawMode":0,"name":"Shaded","section":"Shading Mode"},"sceneLighting":false,"audioPlay":false,"sceneViewState":{"m_AlwaysRefresh":false,"showFog":true,"showSkybox":false,"showFlares":true,"showImageEffects":true,"showParticleSystems":true,"showVisualEffectGraphs":true,"m_FxEnabled":true},"in2DMode":false,"pivot":{"x":-0.9485501050949097,"y":0.4933873414993286,"z":1.505103588104248},"rotation":{"x":0.1152392253279686,"y":-0.0083422577008605,"z":0.0009678371716290712,"w":0.9933015704154968},"size":2.6690151691436769,"orthographic":false}